{
    "Segment Continuation": {
        "precision": 0.9026345933562429,
        "recall": 0.8804469273743016,
        "f1-score": 0.8914027149321266,
        "support": 895.0
    },
    "Segment Shift": {
        "precision": 0.7434052757793765,
        "recall": 0.7848101265822784,
        "f1-score": 0.7635467980295567,
        "support": 395.0
    },
    "accuracy": 0.8511627906976744,
    "macro avg": {
        "precision": 0.8230199345678098,
        "recall": 0.83262852697829,
        "f1-score": 0.8274747564808417,
        "support": 1290.0
    },
    "weighted avg": {
        "precision": 0.8538783294470473,
        "recall": 0.8511627906976744,
        "f1-score": 0.852253034950332,
        "support": 1290.0
    }
}