{
    "Segment Continuation": {
        "precision": 0.6937984496124031,
        "recall": 1.0,
        "f1-score": 0.8192219679633868,
        "support": 895.0
    },
    "Segment Shift": {
        "precision": 0.0,
        "recall": 0.0,
        "f1-score": 0.0,
        "support": 395.0
    },
    "accuracy": 0.6937984496124031,
    "macro avg": {
        "precision": 0.34689922480620156,
        "recall": 0.5,
        "f1-score": 0.4096109839816934,
        "support": 1290.0
    },
    "weighted avg": {
        "precision": 0.48135628868457425,
        "recall": 0.6937984496124031,
        "f1-score": 0.5683749312614195,
        "support": 1290.0
    }
}