{
    "Segment Continuation": {
        "precision": 0.6912442396313364,
        "recall": 0.6703910614525139,
        "f1-score": 0.6806579693703914,
        "support": 895.0
    },
    "Segment Shift": {
        "precision": 0.3009478672985782,
        "recall": 0.32151898734177214,
        "f1-score": 0.3108935128518972,
        "support": 395.0
    },
    "accuracy": 0.5635658914728682,
    "macro avg": {
        "precision": 0.49609605346495733,
        "recall": 0.495955024397143,
        "f1-score": 0.4957757411111443,
        "support": 1290.0
    },
    "weighted avg": {
        "precision": 0.571734885312391,
        "recall": 0.5635658914728682,
        "f1-score": 0.5674355195062013,
        "support": 1290.0
    }
}