{
    "Segment Continuation": {
        "precision": 0.6898148148148148,
        "recall": 0.6659217877094972,
        "f1-score": 0.6776577600909607,
        "support": 895.0
    },
    "Segment Shift": {
        "precision": 0.2981220657276995,
        "recall": 0.32151898734177214,
        "f1-score": 0.3093788063337393,
        "support": 395.0
    },
    "accuracy": 0.5604651162790698,
    "macro avg": {
        "precision": 0.49396844027125714,
        "recall": 0.49372038752563463,
        "f1-score": 0.49351828321235003,
        "support": 1290.0
    },
    "weighted avg": {
        "precision": 0.5698778877687601,
        "recall": 0.5604651162790698,
        "f1-score": 0.5648901734753774,
        "support": 1290.0
    }
}