{
    "Segment Continuation": {
        "precision": 0.8975501113585747,
        "recall": 0.9005586592178771,
        "f1-score": 0.8990518683770218,
        "support": 895.0
    },
    "Segment Shift": {
        "precision": 0.7729591836734694,
        "recall": 0.7670886075949367,
        "f1-score": 0.770012706480305,
        "support": 395.0
    },
    "accuracy": 0.8596899224806202,
    "macro avg": {
        "precision": 0.8352546475160221,
        "recall": 0.8338236334064069,
        "f1-score": 0.8345322874286634,
        "support": 1290.0
    },
    "weighted avg": {
        "precision": 0.8594001761371665,
        "recall": 0.8596899224806202,
        "f1-score": 0.8595398769435311,
        "support": 1290.0
    }
}