{
    "Segment Continuation": {
        "precision": 0.7553464499572284,
        "recall": 0.9865921787709497,
        "f1-score": 0.8556201550387598,
        "support": 895.0
    },
    "Segment Shift": {
        "precision": 0.9008264462809917,
        "recall": 0.2759493670886076,
        "f1-score": 0.4224806201550388,
        "support": 395.0
    },
    "accuracy": 0.7689922480620155,
    "macro avg": {
        "precision": 0.8280864481191101,
        "recall": 0.6312707729297786,
        "f1-score": 0.6390503875968992,
        "support": 1290.0
    },
    "weighted avg": {
        "precision": 0.7998926503819466,
        "recall": 0.7689922480620155,
        "f1-score": 0.7229921579232018,
        "support": 1290.0
    }
}